Timestamp,PM2.5 (µg/m³),PM10 (µg/m³),NO (µg/m³),NO2 (µg/m³),NOx (ppb),NH3 (µg/m³),SO2 (µg/m³),CO (mg/m³),Ozone (µg/m³),Benzene (µg/m³),Toluene (µg/m³),Xylene (µg/m³),O Xylene (µg/m³),Eth-Benzene (µg/m³),MP-Xylene (µg/m³),AT (°C),RH (%),WS (m/s),WD (deg),RF (mm),TOT-RF (mm),SR (W/mt2),BP (mmHg),VWS (m/s)
2022-01-01 00:00:00,393.56,598.82,214.12,99.19,222.79,41.48,21.34,3.31,9.63,6.40,70.56,NA,NA,NA,NA,13.97,75.32,0.32,230.10,NA,0.00,157.49,974.07,NA
2022-01-02 00:00:00,424.81,598.95,228.46,96.99,258.12,40.60,27.42,1.90,11.58,7.07,88.37,NA,NA,NA,NA,14.33,75.32,0.32,230.36,NA,0.00,153.11,974.16,NA
2022-01-03 00:00:00,375.52,636.12,199.10,109.72,237.60,42.33,19.10,2.31,8.47,7.93,66.65,NA,NA,NA,NA,14.79,72.44,0.35,223.51,NA,0.00,153.24,973.69,NA
2022-01-04 00:00:00,291.86,564.58,227.86,96.62,247.82,45.26,20.05,1.81,11.73,6.89,56.49,NA,NA,NA,NA,16.14,66.95,0.31,209.49,NA,0.00,144.70,973.12,NA
2022-01-05 00:00:00,353.05,449.37,118.76,60.40,128.94,37.73,15.30,1.65,25.07,NA,NA,NA,NA,NA,NA,14.45,86.60,0.89,138.08,NA,0.00,77.72,973.50,NA
2022-01-06 00:00:00,120.90,157.82,26.88,42.38,44.47,44.43,10.00,1.43,8.94,0.00,67.70,NA,NA,NA,NA,15.72,82.20,1.25,89.32,NA,0.00,144.16,973.29,NA
2022-01-07 00:00:00,72.49,113.19,17.57,34.21,32.52,41.07,14.85,2.25,11.59,0.76,64.37,NA,NA,NA,NA,16.00,84.32,2.12,96.95,NA,0.00,131.28,972.83,NA
2022-01-08 00:00:00,53.31,67.90,16.70,35.83,32.67,39.96,10.17,1.61,12.30,1.40,24.24,NA,NA,NA,NA,15.60,93.13,1.38,100.12,NA,0.00,85.93,973.17,NA
2022-01-09 00:00:00,54.36,63.73,82.74,38.86,88.14,29.36,5.91,1.50,9.43,1.77,21.44,NA,NA,NA,NA,14.87,92.26,0.34,202.27,NA,0.00,82.74,973.65,NA
2022-01-10 00:00:00,121.59,226.59,136.99,58.95,146.49,21.85,16.21,2.23,12.98,3.73,22.28,NA,NA,NA,NA,14.61,82.57,0.33,255.00,NA,0.00,168.94,973.37,NA
2022-01-11 00:00:00,165.16,323.12,125.41,62.37,135.41,20.73,10.25,2.81,11.58,4.32,24.65,NA,NA,NA,NA,14.12,81.50,0.54,260.40,NA,0.00,176.63,973.03,NA
2022-01-12 00:00:00,161.36,386.92,134.48,67.79,151.17,22.48,14.27,2.41,14.19,3.82,22.48,NA,NA,NA,NA,13.89,79.72,0.33,249.80,NA,0.00,166.02,973.16,NA
2022-01-13 00:00:00,283.14,552.75,196.36,85.95,211.81,29.76,15.44,2.46,18.14,5.91,43.26,NA,NA,NA,NA,13.38,88.54,0.30,210.30,NA,0.00,155.84,973.17,NA
2022-01-14 00:00:00,239.45,445.49,103.37,57.97,115.10,32.97,15.66,2.46,9.82,4.30,22.28,NA,NA,NA,NA,12.99,90.15,0.33,218.22,NA,0.00,142.78,972.36,NA
2022-01-15 00:00:00,206.32,356.00,80.42,47.43,90.80,27.28,13.76,2.23,8.50,3.34,16.47,NA,NA,NA,NA,12.79,85.56,0.35,238.51,NA,0.00,135.04,972.28,NA
2022-01-16 00:00:00,205.72,386.60,67.91,53.29,83.72,30.35,11.74,2.39,11.04,3.10,16.11,NA,NA,NA,NA,12.99,80.90,0.35,203.54,NA,0.00,153.27,972.68,NA
2022-01-17 00:00:00,254.13,420.81,61.33,62.90,83.45,36.89,12.83,1.73,14.19,3.51,22.17,NA,NA,NA,NA,13.28,80.36,0.74,156.23,NA,0.00,162.71,972.95,NA
2022-01-18 00:00:00,301.47,652.56,124.43,62.82,134.88,34.89,13.67,2.95,7.14,0.00,0.00,NA,NA,NA,NA,13.32,81.12,0.39,257.32,NA,0.00,159.06,973.36,NA
2022-01-19 00:00:00,310.94,621.62,90.22,73.40,112.61,32.45,19.85,1.20,8.39,1.94,26.85,NA,NA,NA,NA,13.77,81.20,0.35,219.76,NA,0.00,145.21,973.73,NA
2022-01-20 00:00:00,288.58,511.42,59.89,50.79,75.83,37.62,19.83,2.08,9.93,4.66,39.26,NA,NA,NA,NA,13.94,87.09,1.00,102.26,NA,0.00,151.45,973.82,NA
2022-01-21 00:00:00,252.48,483.34,79.30,64.85,99.12,38.73,27.52,1.24,18.10,5.38,48.62,NA,NA,NA,NA,14.45,84.82,0.71,140.03,NA,0.00,164.34,973.49,NA
2022-01-22 00:00:00,151.22,230.61,28.24,49.46,49.33,37.24,13.89,0.92,10.79,2.90,26.90,NA,NA,NA,NA,13.97,88.43,1.72,99.51,NA,0.00,79.70,973.78,NA
2022-01-23 00:00:00,170.85,244.01,112.07,44.70,115.15,31.06,15.67,1.46,8.93,3.66,32.57,NA,NA,NA,NA,13.78,89.05,0.79,172.23,NA,0.00,129.21,974.03,NA
2022-01-24 00:00:00,239.75,465.86,182.12,64.96,183.00,29.72,20.23,0.97,7.58,6.06,48.27,NA,NA,NA,NA,13.35,85.04,0.30,224.90,NA,0.00,158.20,974.15,NA
2022-01-25 00:00:00,243.59,528.75,181.85,54.54,189.30,32.66,18.92,2.35,5.69,5.08,26.56,NA,NA,NA,NA,12.53,88.23,0.45,244.15,NA,0.00,136.39,974.17,NA
2022-01-26 00:00:00,238.82,482.21,172.06,52.33,171.39,30.75,19.39,1.93,7.75,5.41,31.14,NA,NA,NA,NA,13.20,84.49,0.45,232.75,NA,0.00,174.55,974.49,NA
2022-01-27 00:00:00,223.67,585.84,202.16,75.78,208.03,30.70,17.82,2.11,8.77,5.41,28.87,NA,NA,NA,NA,14.06,78.66,0.56,248.83,NA,0.00,178.20,973.91,NA
2022-01-28 00:00:00,173.86,507.06,137.93,85.98,155.92,23.91,20.92,1.90,13.15,3.72,23.99,NA,NA,NA,NA,14.60,64.80,0.74,253.57,NA,0.00,180.75,973.85,NA
2022-01-29 00:00:00,222.21,583.30,218.93,95.09,236.01,29.44,20.07,1.73,9.48,5.27,36.85,NA,NA,NA,NA,14.99,67.88,0.43,245.71,NA,0.00,176.20,973.97,NA
2022-01-30 00:00:00,219.24,564.89,141.54,84.96,160.56,33.57,21.26,1.95,11.44,4.64,21.44,NA,NA,NA,NA,15.77,65.95,0.68,255.09,NA,0.00,177.22,973.84,NA
2022-01-31 00:00:00,314.80,572.52,107.34,70.70,141.13,34.87,18.84,NA,12.10,6.49,88.29,NA,NA,NA,NA,14.36,81.44,0.67,125.62,NA,0.00,174.37,974.08,NA
2022-02-01 00:00:00,308.59,642.69,164.81,75.75,174.90,41.46,18.86,2.13,16.46,7.33,64.96,NA,NA,NA,NA,14.94,79.83,0.31,239.15,NA,0.00,174.59,973.73,NA
2022-02-02 00:00:00,216.02,415.21,48.16,66.17,74.48,43.50,18.22,1.90,24.82,3.73,20.81,NA,NA,NA,NA,15.79,72.81,0.59,188.02,NA,0.00,171.84,972.76,NA
2022-02-03 00:00:00,164.66,253.26,29.97,41.12,46.31,30.38,18.53,1.77,17.09,2.47,14.17,NA,NA,NA,NA,13.73,82.71,2.16,129.33,NA,0.00,90.16,972.89,NA
2022-02-04 00:00:00,115.27,315.04,130.19,52.58,134.11,29.28,21.41,2.11,14.23,3.15,21.82,NA,NA,NA,NA,14.33,80.40,0.51,244.16,NA,0.00,147.84,972.94,NA
2022-02-05 00:00:00,208.28,448.80,110.72,71.42,145.17,29.84,25.41,2.03,19.39,5.20,47.43,NA,NA,NA,NA,14.09,78.68,0.38,214.78,NA,0.00,171.72,973.12,NA
2022-02-06 00:00:00,311.59,486.09,144.20,110.91,208.26,35.84,29.44,NA,25.44,7.52,93.94,NA,NA,NA,NA,15.14,74.52,0.41,199.73,NA,0.00,178.74,972.88,NA
2022-02-07 00:00:00,188.46,464.77,128.95,81.19,148.18,43.77,20.87,2.21,32.46,4.55,55.14,NA,NA,NA,NA,16.64,69.23,0.82,142.19,NA,0.00,177.42,972.47,NA
2022-02-08 00:00:00,203.21,513.61,193.97,87.54,204.45,47.59,21.29,2.14,35.55,4.94,95.95,NA,NA,NA,NA,17.19,73.86,0.57,159.20,NA,0.00,171.60,972.52,NA
2022-02-09 00:00:00,108.95,264.92,68.29,58.88,87.00,43.27,23.04,1.62,22.23,2.75,43.04,NA,NA,NA,NA,16.04,76.91,0.78,144.24,NA,0.00,165.36,972.67,NA
2022-02-10 00:00:00,97.85,441.52,148.52,71.36,159.05,31.21,17.42,1.77,21.52,3.10,30.19,NA,NA,NA,NA,15.94,71.66,0.57,248.12,NA,0.00,174.76,972.74,NA
2022-02-11 00:00:00,136.32,505.47,140.50,80.47,157.39,27.50,19.12,1.99,23.46,3.39,13.73,NA,NA,NA,NA,16.05,59.96,0.72,259.43,NA,0.00,179.08,972.80,NA
2022-02-12 00:00:00,104.36,385.46,140.80,93.82,161.73,25.14,22.19,2.00,24.69,4.15,26.83,NA,NA,NA,NA,16.15,60.87,0.58,244.90,NA,0.00,178.61,973.16,NA
2022-02-13 00:00:00,211.73,528.24,150.12,101.09,197.94,32.61,20.93,2.98,38.07,7.12,96.21,NA,NA,NA,NA,16.49,67.85,0.49,195.14,NA,0.00,177.04,972.92,NA
2022-02-14 00:00:00,167.89,482.14,117.66,90.72,170.75,38.51,22.15,2.04,52.29,4.88,124.52,NA,NA,NA,NA,17.07,65.36,0.59,195.89,NA,0.00,188.00,972.89,NA
2022-02-15 00:00:00,104.49,393.82,116.80,94.36,144.91,40.66,32.91,1.90,52.39,4.07,90.57,NA,NA,NA,NA,19.14,50.35,0.74,195.11,NA,0.00,216.84,972.94,NA
2022-02-16 00:00:00,232.69,569.14,164.10,108.42,202.38,40.37,26.73,2.58,50.16,7.48,91.15,NA,NA,NA,NA,17.02,67.98,0.36,216.36,NA,0.00,172.19,972.72,NA
2022-02-17 00:00:00,162.28,381.53,135.33,91.59,156.16,42.68,23.89,1.93,22.87,5.40,51.39,NA,NA,NA,NA,17.48,65.40,0.39,218.09,NA,0.00,173.83,973.31,NA
2022-02-18 00:00:00,161.29,434.59,188.15,91.45,211.28,40.47,19.48,2.18,22.39,5.95,78.52,NA,NA,NA,NA,18.05,62.31,0.42,227.06,NA,0.00,172.09,973.19,NA
2022-02-19 00:00:00,96.09,311.04,153.15,74.32,164.40,36.13,22.41,1.80,23.52,4.06,37.82,NA,NA,NA,NA,17.84,59.78,0.59,250.52,NA,0.00,175.50,973.15,NA
2022-02-20 00:00:00,88.91,250.93,101.69,68.40,119.31,28.16,22.85,1.55,32.92,2.00,8.36,NA,NA,NA,NA,18.32,55.19,0.96,261.75,NA,0.00,220.83,972.82,NA
2022-02-21 00:00:00,114.74,334.51,124.57,83.18,138.33,24.83,28.95,2.01,38.07,3.90,39.54,NA,NA,NA,NA,17.46,55.90,0.52,247.01,NA,0.00,176.98,972.97,NA
2022-02-22 00:00:00,138.89,335.64,59.18,52.32,74.92,35.99,31.35,1.59,66.97,4.11,90.66,NA,NA,NA,NA,18.10,54.70,2.47,127.94,NA,0.00,180.11,972.81,NA
2022-02-23 00:00:00,120.76,201.86,51.67,45.77,70.35,31.99,22.73,1.96,41.99,2.03,14.89,NA,NA,NA,NA,17.64,68.96,2.05,112.43,NA,0.00,176.70,973.67,NA
2022-02-24 00:00:00,175.07,322.85,95.75,73.54,117.17,34.65,36.41,1.30,44.71,4.96,49.66,NA,NA,NA,NA,18.08,68.54,0.55,188.47,NA,0.00,171.88,972.84,NA
2022-02-25 00:00:00,153.79,262.01,70.66,58.62,88.78,37.22,26.22,1.84,45.77,1.90,19.74,NA,NA,NA,NA,18.53,65.42,1.24,139.54,NA,0.00,173.47,972.85,NA
2022-02-26 00:00:00,33.14,89.16,25.58,36.73,40.40,24.79,30.20,1.39,44.05,1.20,60.05,NA,NA,NA,NA,17.01,65.90,1.83,120.59,NA,0.00,183.60,973.55,NA
2022-02-27 00:00:00,52.43,165.19,56.10,45.90,70.14,22.61,24.77,1.57,41.44,1.56,12.50,NA,NA,NA,NA,17.66,62.74,0.50,239.27,NA,0.00,190.81,973.53,NA
2022-02-28 00:00:00,66.82,238.64,102.03,60.40,115.30,18.68,27.18,2.05,43.09,2.38,21.22,NA,NA,NA,NA,17.53,57.78,0.65,262.33,NA,0.00,191.15,973.01,NA
2022-03-01 00:00:00,89.45,252.15,110.45,68.85,126.66,23.44,21.51,1.75,49.39,3.20,26.11,NA,NA,NA,NA,17.70,62.29,0.39,239.25,NA,0.00,189.02,973.07,NA
2022-03-02 00:00:00,120.36,310.92,138.81,74.65,159.68,27.46,24.89,1.57,53.21,4.66,44.16,NA,NA,NA,NA,18.18,65.84,0.39,216.56,NA,0.00,186.74,973.01,NA
2022-03-03 00:00:00,91.66,189.07,37.10,52.56,58.21,27.40,28.37,1.27,40.43,2.88,28.23,NA,NA,NA,NA,19.65,58.03,0.97,167.59,NA,0.00,190.39,973.21,NA
2022-03-04 00:00:00,71.64,234.59,57.26,45.60,70.90,30.05,20.59,1.82,38.21,1.93,19.29,NA,NA,NA,NA,19.99,56.67,1.04,267.84,NA,0.00,244.43,974.06,NA
2022-03-05 00:00:00,70.92,217.37,64.68,41.23,61.86,20.41,18.42,1.76,28.89,1.89,11.75,NA,NA,NA,NA,18.22,64.26,0.81,264.10,NA,0.00,165.89,973.84,NA
2022-03-06 00:00:00,96.95,277.23,52.95,NA,25.81,18.45,30.62,1.94,39.80,2.87,48.76,NA,NA,NA,NA,19.37,58.96,0.40,221.23,NA,0.00,184.29,973.59,NA
2022-03-07 00:00:00,172.70,456.99,101.27,NA,68.99,17.54,31.27,1.97,63.65,5.43,135.37,NA,NA,NA,NA,18.88,63.48,0.67,151.59,NA,0.00,169.98,973.70,NA
2022-03-08 00:00:00,147.49,320.23,69.73,22.20,44.34,19.84,27.09,1.60,42.46,4.67,47.26,NA,NA,NA,NA,20.05,60.71,0.45,237.82,NA,0.00,181.07,973.20,NA
2022-03-09 00:00:00,73.79,249.00,39.80,18.46,42.27,9.50,22.98,1.44,25.53,2.98,32.56,NA,NA,NA,NA,20.81,52.25,0.57,253.76,NA,0.00,179.92,972.64,NA
2022-03-10 00:00:00,68.43,266.67,29.84,26.58,38.47,7.24,25.30,1.58,26.08,2.39,27.61,NA,NA,NA,NA,20.78,52.64,0.59,263.16,NA,0.00,178.66,972.64,NA
2022-03-11 00:00:00,72.90,280.41,25.89,36.36,40.44,5.17,23.34,1.97,28.89,2.67,24.59,NA,NA,NA,NA,20.49,57.43,0.62,261.93,NA,0.00,182.84,972.54,NA
2022-03-12 00:00:00,77.71,350.00,39.46,44.83,56.01,4.79,35.52,2.20,28.35,4.06,23.69,NA,NA,NA,NA,20.71,56.45,0.51,254.57,NA,0.00,181.53,972.67,NA
2022-03-13 00:00:00,95.73,353.74,39.73,50.08,59.03,6.19,31.70,2.08,27.29,4.47,27.40,NA,NA,NA,NA,21.43,57.52,0.49,240.54,NA,0.00,179.21,972.55,NA
2022-03-14 00:00:00,127.20,356.61,47.74,47.87,64.38,5.66,29.40,2.46,32.53,4.87,42.81,NA,NA,NA,NA,21.79,62.48,0.38,202.58,NA,0.00,175.70,972.57,NA
2022-03-15 00:00:00,108.42,299.73,39.39,47.25,57.25,7.20,31.75,1.61,27.29,4.42,30.48,NA,NA,NA,NA,22.71,62.43,0.46,225.59,NA,0.00,173.69,972.35,NA
2022-03-16 00:00:00,92.45,302.24,33.82,44.52,51.25,15.31,27.87,1.74,27.20,2.94,16.15,NA,NA,NA,NA,23.15,57.88,0.89,260.35,NA,0.00,175.54,972.42,NA
2022-03-17 00:00:00,126.03,282.00,42.20,45.65,50.70,14.75,33.58,2.04,40.22,3.69,36.15,NA,NA,NA,NA,23.13,60.27,0.71,157.16,NA,0.00,173.11,972.53,NA
2022-03-18 00:00:00,127.90,214.58,NA,NA,NA,NA,31.13,1.75,37.66,3.54,13.27,NA,NA,NA,NA,23.25,59.23,1.14,111.97,NA,0.00,174.38,972.63,NA
2022-03-19 00:00:00,113.20,233.50,NA,110.78,112.23,4.92,35.14,2.07,30.54,3.93,37.93,NA,NA,NA,NA,23.24,59.37,1.03,110.25,NA,0.00,174.63,973.43,NA
2022-03-20 00:00:00,114.59,303.88,94.20,135.01,152.48,3.91,41.52,1.79,50.59,4.45,75.36,NA,NA,NA,NA,24.06,52.43,0.71,156.35,NA,0.00,175.36,973.76,NA
2022-03-21 00:00:00,147.04,371.34,NA,105.57,156.70,5.08,30.83,1.98,40.89,5.74,39.20,NA,NA,NA,NA,23.82,54.34,0.65,221.08,NA,0.00,173.72,973.59,NA
2022-03-22 00:00:00,76.03,248.08,85.55,82.47,130.60,5.75,31.09,1.58,34.68,2.34,17.62,NA,NA,NA,NA,23.33,49.30,1.07,264.02,NA,0.00,174.79,972.83,NA
2022-03-23 00:00:00,110.48,325.44,245.88,119.16,204.21,5.12,33.08,2.15,32.91,4.13,51.31,NA,NA,NA,NA,23.27,48.32,0.49,231.25,NA,0.00,174.75,972.23,NA
2022-03-24 00:00:00,148.01,430.97,208.17,95.79,231.83,44.04,36.19,1.54,40.81,6.77,122.05,NA,NA,NA,NA,27.86,45.77,0.64,217.31,NA,0.00,180.60,971.89,NA
2022-03-25 00:00:00,91.96,271.48,137.70,95.47,163.57,18.05,28.28,1.84,26.37,3.10,22.59,NA,NA,NA,NA,31.29,49.02,0.83,251.22,NA,0.00,181.36,971.89,NA
2022-03-26 00:00:00,87.28,302.71,150.07,104.02,177.68,9.00,28.60,1.85,28.98,2.83,14.17,NA,NA,NA,NA,31.07,44.08,1.19,254.88,NA,0.00,183.04,971.84,NA
2022-03-27 00:00:00,112.50,378.32,119.61,95.48,159.36,6.93,41.79,2.05,16.19,4.73,37.21,NA,NA,NA,NA,28.22,49.60,0.44,232.92,NA,0.00,25.76,973.09,NA
2022-03-28 00:00:00,131.01,442.71,111.48,119.86,154.71,21.63,31.34,2.32,30.52,6.95,76.62,NA,NA,NA,NA,32.07,43.61,0.62,213.98,NA,0.00,176.42,973.18,NA
2022-03-29 00:00:00,164.91,406.92,189.38,123.41,225.67,37.87,44.09,2.05,31.04,7.58,58.71,NA,NA,NA,NA,32.57,41.57,0.68,222.82,NA,0.00,178.25,973.02,NA
2022-03-30 00:00:00,159.90,420.28,193.39,153.09,232.59,39.53,60.65,1.41,58.57,6.15,67.42,NA,NA,NA,NA,32.85,42.48,0.40,208.25,NA,0.00,173.53,972.85,NA
2022-03-31 00:00:00,168.52,388.58,110.69,122.35,153.14,44.35,46.68,1.88,70.76,7.93,120.11,NA,NA,NA,NA,32.82,42.22,0.76,165.19,NA,0.00,176.31,973.42,NA
2022-04-01 00:00:00,78.71,208.01,136.64,102.94,162.84,42.52,37.59,1.81,44.29,3.40,32.54,NA,NA,NA,NA,32.70,35.99,0.97,255.05,NA,0.00,180.86,972.53,NA
2022-04-02 00:00:00,120.11,257.18,153.34,144.17,214.34,40.78,57.90,2.15,50.41,5.06,81.76,NA,NA,NA,NA,32.96,35.59,0.56,160.94,NA,0.00,179.12,972.20,NA
2022-04-03 00:00:00,127.13,254.65,62.13,123.26,107.40,43.02,54.46,1.80,70.14,5.93,64.24,NA,NA,NA,NA,33.52,34.35,0.65,192.97,NA,0.00,179.77,971.55,NA
2022-04-04 00:00:00,134.40,292.82,198.50,121.24,227.51,41.24,41.69,1.98,41.86,5.59,37.26,NA,NA,NA,NA,32.68,35.07,0.72,231.57,NA,0.00,182.91,971.96,NA
2022-04-05 00:00:00,111.17,268.52,176.73,119.74,211.74,41.41,40.08,2.32,33.78,4.75,32.81,NA,NA,NA,NA,33.03,34.32,0.72,218.91,NA,0.00,182.77,972.15,NA
2022-04-06 00:00:00,149.84,295.50,180.86,128.72,223.46,39.70,46.72,2.00,35.10,6.81,48.33,NA,NA,NA,NA,33.13,35.27,0.69,229.73,NA,0.00,182.21,971.88,NA
2022-04-07 00:00:00,145.59,304.79,192.21,136.16,224.84,39.23,43.64,1.46,37.79,7.12,64.71,NA,NA,NA,NA,33.54,35.57,0.62,222.99,NA,0.00,182.15,971.68,NA
2022-04-08 00:00:00,131.70,290.82,149.20,131.09,188.69,40.78,39.56,1.25,36.49,6.10,59.61,NA,NA,NA,NA,34.31,33.31,0.55,220.85,NA,0.00,181.41,971.53,NA
2022-04-09 00:00:00,141.54,322.83,165.40,136.06,220.59,39.95,38.04,1.48,44.98,6.36,82.79,NA,NA,NA,NA,34.76,34.53,0.57,210.66,NA,0.00,181.21,971.61,NA
2022-04-10 00:00:00,139.16,313.91,197.28,115.68,225.49,37.93,49.35,1.58,41.80,6.94,52.17,NA,NA,NA,NA,34.93,33.98,0.69,223.16,NA,0.00,180.91,971.95,NA
2022-04-11 00:00:00,129.89,363.48,167.00,129.66,207.68,29.22,40.14,1.36,32.11,5.61,33.77,NA,NA,NA,NA,35.04,33.82,0.61,220.91,NA,0.00,181.47,971.64,NA
2022-04-12 00:00:00,141.17,321.54,211.75,122.29,231.81,29.83,57.62,1.86,28.66,6.54,69.79,NA,NA,NA,NA,34.24,35.01,0.54,195.54,NA,0.00,179.01,971.42,NA
2022-04-13 00:00:00,160.67,473.34,178.17,121.48,209.96,31.17,36.96,1.64,40.66,5.29,77.81,NA,NA,NA,NA,34.41,36.77,0.58,196.55,NA,0.00,181.60,971.87,NA
2022-04-14 00:00:00,97.04,396.42,97.78,95.36,128.81,38.07,27.08,1.59,41.38,2.26,12.51,NA,NA,NA,NA,34.60,33.37,0.99,245.73,NA,0.00,180.69,971.79,NA
2022-04-15 00:00:00,87.24,287.02,55.38,110.94,104.12,37.63,34.65,1.74,59.07,3.37,49.70,NA,NA,NA,NA,33.88,36.65,0.72,152.54,NA,0.00,188.30,971.73,NA
2022-04-16 00:00:00,124.21,307.20,95.23,115.79,138.42,20.87,41.75,1.18,70.99,3.97,83.93,NA,NA,NA,NA,33.97,36.54,0.72,135.86,NA,0.00,186.57,971.84,NA
2022-04-17 00:00:00,143.17,361.64,113.18,122.09,156.08,11.59,37.40,1.95,57.62,5.45,85.94,NA,NA,NA,NA,33.64,38.52,0.53,148.08,NA,0.00,174.63,971.87,NA
2022-04-18 00:00:00,143.55,456.52,123.57,152.66,177.66,9.56,31.56,2.00,56.86,5.41,111.98,NA,NA,NA,NA,34.82,37.91,0.42,197.45,NA,0.00,184.25,971.95,NA
2022-04-19 00:00:00,184.82,511.89,218.17,125.14,254.82,8.10,24.30,2.25,26.90,7.44,93.86,NA,NA,NA,NA,35.14,36.46,0.86,231.27,NA,0.00,175.35,971.81,NA
2022-04-20 00:00:00,97.00,348.58,186.09,99.36,204.71,6.61,26.63,2.22,28.37,4.68,31.46,NA,NA,NA,NA,35.85,33.03,0.98,256.20,NA,0.00,187.16,971.64,NA
2022-04-21 00:00:00,124.84,431.48,155.99,73.78,172.77,6.25,17.17,1.77,17.87,3.79,22.93,NA,NA,NA,NA,32.87,38.23,0.85,209.69,NA,0.00,180.38,971.52,NA
2022-04-22 00:00:00,127.05,312.69,72.41,88.39,106.03,20.33,28.03,2.21,53.74,3.99,28.72,NA,NA,NA,NA,33.61,37.39,0.77,210.11,NA,0.00,191.84,971.65,NA
2022-04-23 00:00:00,140.70,349.35,146.88,98.77,174.11,38.25,18.68,1.89,40.91,4.04,25.51,NA,NA,NA,NA,33.87,34.98,0.64,215.18,NA,0.00,192.65,971.94,NA
2022-04-24 00:00:00,145.05,332.40,103.67,92.40,133.68,44.45,15.96,0.99,49.58,2.30,16.07,NA,NA,NA,NA,34.67,32.81,1.06,254.49,NA,0.00,190.57,971.95,NA
2022-04-25 00:00:00,122.94,322.13,85.54,81.01,112.82,44.58,16.85,1.38,59.21,1.77,13.02,NA,NA,NA,NA,35.32,33.44,1.24,257.24,NA,0.00,187.71,973.03,NA
2022-04-26 00:00:00,110.88,275.87,114.18,92.98,142.87,44.07,20.09,1.88,42.08,3.29,28.57,NA,NA,NA,NA,34.65,35.44,0.64,229.04,NA,0.00,189.19,973.92,NA
2022-04-27 00:00:00,240.36,436.24,153.97,122.90,188.18,43.45,21.89,1.88,45.08,5.71,43.62,NA,NA,NA,NA,35.00,35.05,0.73,229.16,NA,0.00,188.76,974.09,NA
2022-04-28 00:00:00,170.88,442.50,101.80,163.44,156.85,42.01,31.57,1.51,15.45,5.63,84.95,NA,NA,NA,NA,35.83,35.64,0.58,217.06,NA,0.00,184.19,973.56,NA
2022-04-29 00:00:00,172.42,425.75,241.24,133.17,272.27,45.03,15.65,1.73,36.21,6.03,42.79,NA,NA,NA,NA,36.46,32.67,0.79,232.40,NA,0.00,184.74,972.87,NA
2022-04-30 00:00:00,165.00,406.28,175.43,125.55,213.77,45.12,13.22,1.39,38.43,4.29,43.71,NA,NA,NA,NA,36.67,32.07,0.68,216.83,NA,0.00,184.89,972.33,NA
2022-05-01 00:00:00,101.36,371.55,13.30,45.10,34.83,51.35,18.55,1.49,66.63,3.59,67.41,NA,NA,NA,NA,34.60,46.23,2.24,101.70,NA,0.00,188.55,972.11,NA
2022-05-02 00:00:00,70.26,252.83,12.97,46.23,35.16,37.31,18.41,1.53,82.43,3.06,33.30,NA,NA,NA,NA,34.95,48.09,2.10,100.95,NA,0.00,192.33,972.11,NA
2022-05-03 00:00:00,90.33,311.91,21.99,85.27,63.29,46.14,22.47,1.72,73.86,3.15,21.36,NA,NA,NA,NA,34.70,50.50,1.37,131.98,NA,0.00,184.86,972.39,NA
2022-05-04 00:00:00,67.89,244.83,19.95,61.83,49.15,49.32,12.20,1.60,65.26,2.46,21.36,NA,NA,NA,NA,32.74,55.41,1.72,109.60,NA,0.00,178.40,973.06,NA
2022-05-05 00:00:00,88.11,264.46,60.26,116.84,111.27,46.69,13.36,2.25,52.03,3.59,20.42,NA,NA,NA,NA,32.02,53.47,0.51,181.65,NA,0.00,205.51,973.23,NA
2022-05-06 00:00:00,131.64,355.29,82.95,129.05,136.28,47.12,14.51,1.46,45.72,4.80,24.03,NA,NA,NA,NA,33.84,47.63,0.64,167.09,NA,0.00,194.43,972.90,NA
2022-05-07 00:00:00,108.57,360.49,133.68,187.36,190.39,48.88,17.24,2.16,47.26,4.46,97.81,NA,NA,NA,NA,33.85,45.75,0.81,130.04,NA,0.00,178.37,972.63,NA
2022-05-08 00:00:00,80.07,218.26,13.64,75.30,51.16,49.80,13.76,1.46,94.63,2.48,43.62,NA,NA,NA,NA,34.45,46.22,1.36,102.66,NA,0.00,199.61,971.84,NA
2022-05-09 00:00:00,63.93,154.96,11.96,54.78,38.89,49.44,11.73,1.61,93.60,1.92,13.17,NA,NA,NA,NA,34.55,49.76,1.92,97.68,NA,0.00,199.53,971.96,NA
2022-05-10 00:00:00,58.82,157.93,14.59,58.55,43.04,48.93,11.55,1.79,88.16,1.94,17.53,NA,NA,NA,NA,34.56,49.30,1.91,98.01,NA,0.00,199.42,971.43,NA
2022-05-11 00:00:00,60.19,164.10,12.62,63.53,44.07,50.54,12.62,1.59,99.16,2.37,31.36,NA,NA,NA,NA,35.54,47.57,1.53,98.12,NA,0.00,197.17,971.87,NA
2022-05-12 00:00:00,67.75,165.55,15.11,74.91,52.16,55.01,12.64,1.64,94.28,2.62,24.71,NA,NA,NA,NA,36.73,46.79,1.48,106.59,NA,0.00,194.53,971.89,NA
2022-05-13 00:00:00,78.85,283.32,55.90,110.43,84.35,57.65,17.16,2.20,76.16,3.91,45.02,NA,NA,NA,NA,36.02,49.58,1.26,145.99,NA,0.00,196.77,971.75,NA
2022-05-14 00:00:00,120.98,401.54,182.91,188.40,241.14,56.17,15.17,1.40,56.52,5.94,79.91,NA,NA,NA,NA,37.40,40.75,0.71,208.39,NA,0.00,190.69,971.06,NA
2022-05-15 00:00:00,137.23,369.12,135.09,157.59,190.67,62.46,24.36,2.44,60.87,5.49,118.44,NA,NA,NA,NA,38.00,35.64,0.75,181.52,NA,0.00,189.59,970.95,NA
2022-05-16 00:00:00,99.47,397.11,162.70,104.57,188.28,60.74,15.61,1.15,53.27,3.04,41.04,NA,NA,NA,NA,37.14,34.52,1.15,225.62,NA,0.00,186.70,970.89,NA
2022-05-17 00:00:00,99.14,212.25,20.48,86.21,62.54,64.96,16.45,1.70,90.97,2.30,51.01,NA,NA,NA,NA,35.58,41.09,1.04,123.31,NA,0.00,194.74,971.16,NA
2022-05-18 00:00:00,75.43,238.06,28.66,88.72,70.56,63.42,17.23,1.65,76.00,3.01,69.97,NA,NA,NA,NA,35.98,41.20,1.11,125.72,NA,0.00,186.37,971.25,NA
2022-05-19 00:00:00,90.65,255.18,28.78,106.94,80.34,61.16,16.53,1.90,63.37,3.00,25.45,NA,NA,NA,NA,36.70,41.68,0.78,139.54,NA,0.00,192.14,971.20,NA
2022-05-20 00:00:00,112.99,400.88,65.02,126.67,120.38,58.32,17.03,1.80,41.28,4.60,29.14,NA,NA,NA,NA,37.74,38.79,0.98,164.99,NA,0.00,185.24,971.05,NA
2022-05-21 00:00:00,90.28,428.84,64.22,86.66,98.45,63.23,11.84,1.43,48.67,1.26,25.87,NA,NA,NA,NA,36.42,36.21,1.58,172.98,NA,0.00,188.88,970.97,NA
2022-05-22 00:00:00,69.22,247.42,42.02,75.80,74.33,65.80,13.53,1.61,83.17,1.59,41.84,NA,NA,NA,NA,34.55,41.61,1.36,138.90,NA,0.00,201.15,971.25,NA
2022-05-23 00:00:00,39.83,131.65,19.33,50.11,42.41,65.18,11.59,1.36,49.84,0.97,18.34,NA,NA,NA,NA,28.48,63.07,2.62,134.92,NA,0.00,157.56,971.85,NA
2022-05-24 00:00:00,38.45,96.57,20.71,63.85,50.85,59.75,8.34,1.99,44.10,1.13,16.22,NA,NA,NA,NA,30.25,54.18,1.18,113.20,NA,0.00,209.13,971.54,NA
2022-05-25 00:00:00,91.58,294.52,94.32,114.39,137.75,56.56,14.52,1.78,48.62,3.41,31.33,NA,NA,NA,NA,28.42,59.53,0.52,225.95,NA,0.00,205.97,971.91,NA
2022-05-26 00:00:00,123.01,357.14,72.54,127.32,130.56,65.11,18.39,2.23,73.26,4.14,54.01,NA,NA,NA,NA,29.61,54.36,0.48,191.38,NA,0.00,206.75,971.72,NA
2022-05-27 00:00:00,95.74,325.00,86.38,113.15,135.01,64.47,10.98,1.62,31.19,2.21,27.38,NA,NA,NA,NA,31.35,48.84,0.96,192.25,NA,0.00,252.33,971.41,NA
2022-05-28 00:00:00,92.82,419.31,51.40,86.59,87.97,61.28,12.30,1.81,30.30,2.08,24.42,NA,NA,NA,NA,34.16,46.36,1.02,187.42,NA,0.00,244.23,972.06,NA
2022-05-29 00:00:00,92.68,330.39,58.01,66.36,82.58,61.45,17.76,1.59,37.38,1.58,16.05,NA,NA,NA,NA,31.60,50.14,0.95,182.14,NA,0.00,200.51,972.63,NA
2022-05-30 00:00:00,75.70,220.47,58.85,58.32,78.99,61.96,17.23,1.88,41.98,2.15,38.70,NA,NA,NA,NA,29.93,57.47,1.33,122.78,NA,0.00,192.89,973.09,NA
2022-05-31 00:00:00,123.13,394.20,101.66,143.90,136.93,44.62,30.81,1.86,58.17,5.82,58.78,NA,NA,NA,NA,30.97,52.74,0.44,187.71,NA,0.00,205.50,972.75,NA
2022-06-01 00:00:00,135.61,516.19,173.97,119.62,208.34,62.91,19.66,1.69,58.41,4.81,69.35,NA,NA,NA,NA,32.65,43.22,0.65,235.27,NA,0.00,194.33,972.77,NA
2022-06-02 00:00:00,105.79,430.89,153.93,103.10,179.79,62.26,15.07,1.81,39.97,4.09,37.50,NA,NA,NA,NA,33.16,38.27,0.67,220.75,NA,0.00,197.93,972.51,NA
2022-06-03 00:00:00,125.65,455.67,191.16,108.94,218.32,60.77,19.23,1.95,60.47,5.76,46.58,NA,NA,NA,NA,33.12,37.35,0.71,229.68,NA,0.00,197.31,972.51,NA
2022-06-04 00:00:00,111.39,446.71,122.36,155.21,151.37,62.03,21.50,1.76,61.50,6.13,65.31,NA,NA,NA,NA,33.68,37.34,0.66,217.56,NA,0.00,199.09,971.54,NA
2022-06-05 00:00:00,81.18,399.49,166.01,108.32,193.02,62.16,8.13,0.53,28.60,2.40,16.54,NA,NA,NA,NA,34.12,32.23,0.87,218.07,NA,0.00,199.72,971.13,NA
2022-06-06 00:00:00,74.75,331.58,146.39,113.90,174.86,63.14,13.90,1.48,51.79,2.72,31.45,NA,NA,NA,NA,34.04,30.46,0.73,190.20,NA,0.00,197.11,971.03,NA
2022-06-07 00:00:00,117.08,441.42,208.39,110.82,230.93,61.66,12.70,1.27,29.08,3.19,23.25,NA,NA,NA,NA,33.94,33.41,0.96,241.32,NA,0.00,195.07,971.10,NA
2022-06-08 00:00:00,122.16,507.21,169.25,90.39,181.74,61.30,12.11,1.60,26.20,3.18,19.03,NA,NA,NA,NA,34.02,31.49,1.12,246.24,NA,0.00,197.57,971.17,NA
2022-06-09 00:00:00,49.61,375.44,148.25,94.93,170.89,63.42,11.24,1.37,28.70,2.91,17.11,NA,NA,NA,NA,34.26,34.50,0.80,225.49,NA,0.00,197.77,971.09,NA
2022-06-10 00:00:00,82.48,459.86,187.67,91.56,201.36,60.45,13.14,1.75,31.11,2.40,35.37,NA,NA,NA,NA,34.20,35.13,1.04,228.09,NA,0.00,198.02,971.12,NA
2022-06-11 00:00:00,89.47,447.61,190.55,85.89,202.95,59.95,13.60,1.87,26.30,3.55,27.55,NA,NA,NA,NA,34.45,32.90,1.17,233.25,NA,0.00,198.13,971.15,NA
2022-06-12 00:00:00,100.65,362.31,156.31,89.80,174.85,62.93,11.02,1.67,27.42,2.72,16.02,NA,NA,NA,NA,34.66,33.33,0.97,241.26,NA,0.00,197.67,971.08,NA
2022-06-13 00:00:00,81.90,311.08,121.67,79.94,139.90,64.05,10.46,1.71,28.13,1.97,12.13,NA,NA,NA,NA,34.35,37.30,1.21,239.57,NA,0.00,194.91,971.22,NA
2022-06-14 00:00:00,86.76,331.75,109.22,62.29,122.22,63.28,11.72,1.23,30.48,1.34,7.11,NA,NA,NA,NA,32.64,43.00,1.62,248.03,NA,0.00,191.09,971.65,NA
2022-06-15 00:00:00,46.35,200.56,91.75,63.33,108.45,62.35,8.34,1.56,30.21,1.24,6.96,NA,NA,NA,NA,33.39,43.42,1.60,241.86,NA,0.00,198.63,971.45,NA
2022-06-16 00:00:00,39.93,163.07,73.71,66.09,98.86,62.63,10.07,1.72,30.97,1.32,20.00,NA,NA,NA,NA,30.66,55.92,1.10,194.02,NA,0.00,208.86,972.71,NA
2022-06-17 00:00:00,35.75,103.43,55.24,62.69,78.38,62.79,11.40,2.06,18.28,1.56,32.57,NA,NA,NA,NA,28.54,64.08,0.90,182.29,NA,0.00,172.69,973.27,NA
2022-06-18 00:00:00,41.87,119.49,43.54,56.69,65.65,57.06,27.07,1.85,20.06,1.75,25.33,NA,NA,NA,NA,29.25,65.16,0.50,170.51,NA,0.00,182.46,973.37,NA
2022-06-19 00:00:00,65.34,249.90,76.50,70.92,100.10,57.70,15.15,1.52,11.33,2.53,17.38,NA,NA,NA,NA,27.97,64.20,0.45,217.97,NA,0.00,198.47,973.35,NA
2022-06-20 00:00:00,67.15,253.95,58.50,74.51,87.31,56.25,16.45,1.67,14.14,1.99,18.50,NA,NA,NA,NA,28.71,61.03,0.49,199.28,NA,0.00,206.67,973.23,NA
2022-06-21 00:00:00,56.41,155.22,29.78,65.25,58.98,49.29,18.11,1.74,12.46,1.62,24.64,NA,NA,NA,NA,29.13,59.66,0.83,115.10,NA,0.00,194.50,973.18,NA
2022-06-22 00:00:00,69.82,239.90,38.73,54.94,60.80,46.75,18.49,1.68,15.06,1.44,13.69,NA,NA,NA,NA,30.11,55.93,0.79,191.81,NA,0.00,203.41,972.92,NA
2022-06-23 00:00:00,69.26,259.37,59.33,65.53,83.23,51.19,13.98,1.60,59.09,1.30,11.10,NA,NA,NA,NA,31.16,47.74,0.85,261.01,NA,0.00,205.19,972.59,NA
2022-06-24 00:00:00,94.78,326.09,83.11,82.40,111.57,53.80,19.78,1.69,80.64,2.29,26.23,NA,NA,NA,NA,31.45,42.77,0.56,229.91,NA,0.00,201.69,972.18,NA
2022-06-25 00:00:00,141.11,372.32,95.21,90.67,129.65,54.34,27.50,1.85,65.02,3.59,95.99,NA,NA,NA,NA,31.83,42.98,0.78,142.82,NA,0.00,197.99,972.51,NA
2022-06-26 00:00:00,70.80,166.54,13.68,43.61,34.34,56.31,14.75,1.51,56.60,1.31,44.27,NA,NA,NA,NA,32.03,53.40,1.74,93.42,NA,0.00,200.08,972.50,NA
2022-06-27 00:00:00,57.90,132.95,10.36,37.23,28.26,48.86,16.01,1.50,54.04,1.19,35.72,NA,NA,NA,NA,32.49,54.05,1.49,100.19,NA,0.00,199.18,972.73,NA
2022-06-28 00:00:00,80.19,171.28,12.62,47.72,35.67,49.02,13.46,1.73,39.96,1.42,15.29,NA,NA,NA,NA,32.71,56.35,1.27,113.03,NA,0.00,198.67,972.28,NA
2022-06-29 00:00:00,62.64,148.97,14.93,42.54,34.80,53.31,14.85,1.41,64.71,1.23,14.91,NA,NA,NA,NA,31.70,59.14,1.59,109.54,NA,0.00,200.68,972.15,NA
2022-06-30 00:00:00,37.84,58.11,24.58,48.88,46.04,47.67,13.76,1.79,17.69,1.31,38.29,NA,NA,NA,NA,26.96,81.51,0.96,110.02,NA,0.00,111.74,973.26,NA
2022-07-01 00:00:00,41.25,68.36,29.68,51.81,51.75,50.57,17.50,1.80,27.34,1.50,54.05,NA,NA,NA,NA,28.26,74.65,0.52,100.70,NA,0.00,185.45,973.67,NA
2022-07-02 00:00:00,66.06,116.08,22.39,46.09,42.77,55.38,29.07,1.60,31.73,1.84,26.17,NA,NA,NA,NA,31.19,56.80,1.21,95.35,NA,0.00,193.03,973.17,NA
2022-07-03 00:00:00,49.68,93.17,36.59,42.87,52.64,51.54,18.51,1.74,30.32,1.70,33.50,NA,NA,NA,NA,30.88,54.09,1.07,122.56,NA,0.00,187.27,973.22,NA
2022-07-04 00:00:00,78.01,167.77,37.90,77.13,71.92,49.60,26.11,2.45,29.40,2.20,44.93,NA,NA,NA,NA,31.41,64.43,0.52,122.78,NA,0.00,199.08,973.36,NA
2022-07-05 00:00:00,65.44,132.15,15.53,48.14,38.27,47.43,12.75,1.52,26.32,1.18,15.47,NA,NA,NA,NA,33.71,42.99,1.04,97.23,NA,0.00,188.35,972.61,NA
2022-07-06 00:00:00,54.52,116.93,15.54,46.26,37.27,56.75,14.16,2.17,34.77,1.15,48.25,NA,NA,NA,NA,34.49,28.56,1.20,98.87,NA,0.00,190.81,972.62,NA
2022-07-07 00:00:00,43.79,114.86,15.33,41.90,34.78,54.70,16.39,1.97,50.88,0.97,32.40,NA,NA,NA,NA,34.88,30.20,1.45,98.05,NA,0.00,191.85,972.60,NA
2022-07-08 00:00:00,40.77,112.58,15.88,48.30,38.64,57.57,16.09,1.90,55.44,0.85,38.02,NA,NA,NA,NA,35.29,31.19,1.32,94.34,NA,0.00,193.26,972.62,NA
2022-07-09 00:00:00,40.41,114.71,17.65,45.67,38.67,54.81,19.52,1.75,51.71,1.14,42.42,NA,NA,NA,NA,32.14,31.68,1.63,100.76,NA,0.00,182.86,972.67,NA
2022-07-10 00:00:00,44.81,129.27,25.01,45.67,44.69,48.72,14.65,1.78,50.10,1.09,32.63,NA,NA,NA,NA,32.28,31.25,0.89,148.54,NA,0.00,181.28,972.87,NA
2022-07-11 00:00:00,52.77,175.73,45.48,59.25,68.59,55.09,13.85,2.17,50.85,1.72,22.22,NA,NA,NA,NA,33.33,39.47,0.59,177.06,NA,0.00,193.76,972.71,NA
2022-07-12 00:00:00,53.10,145.81,46.32,65.58,72.65,55.72,36.99,2.97,49.74,1.76,50.26,NA,NA,NA,NA,31.19,59.02,0.54,142.28,NA,0.00,140.89,972.98,NA
2022-07-13 00:00:00,36.35,121.73,31.31,46.81,50.43,58.96,15.14,3.79,45.04,1.15,19.74,NA,NA,NA,NA,32.55,36.87,0.90,146.58,NA,0.00,160.48,972.79,NA
2022-07-14 00:00:00,41.12,146.47,37.67,49.29,56.93,61.11,19.77,1.81,45.75,1.33,47.89,NA,NA,NA,NA,32.33,47.98,0.97,154.25,NA,0.00,143.20,972.70,NA
2022-07-15 00:00:00,32.00,128.20,25.86,42.52,43.70,62.35,18.45,1.79,44.15,1.07,30.52,NA,NA,NA,NA,33.56,35.37,1.62,118.60,NA,0.00,189.14,972.67,NA
2022-07-16 00:00:00,22.43,73.52,49.18,47.78,65.51,59.26,16.70,2.31,43.79,1.12,25.92,NA,NA,NA,NA,30.95,46.78,1.16,128.40,NA,0.00,125.97,972.76,NA
2022-07-17 00:00:00,26.12,68.04,35.14,51.48,56.02,61.75,20.87,2.00,41.73,0.84,24.49,NA,NA,NA,NA,30.89,58.36,0.73,127.81,NA,0.00,195.64,972.88,NA
2022-07-18 00:00:00,47.38,178.89,39.13,63.75,65.81,58.07,23.79,1.85,40.18,1.90,35.34,NA,NA,NA,NA,32.40,59.79,0.91,98.27,NA,0.00,189.74,972.80,NA
2022-07-19 00:00:00,62.37,250.82,41.47,89.23,81.26,62.86,22.94,2.39,62.98,1.97,49.87,NA,NA,NA,NA,32.13,60.02,0.71,124.68,NA,0.00,156.16,972.89,NA
2022-07-20 00:00:00,39.09,161.88,93.91,69.54,113.56,57.82,16.54,1.54,43.26,1.50,20.20,NA,NA,NA,NA,29.63,70.06,0.56,183.32,NA,0.00,149.65,973.15,NA
2022-07-21 00:00:00,53.23,144.62,44.06,69.52,72.90,59.94,12.73,1.67,38.33,1.43,29.09,NA,NA,NA,NA,29.08,70.11,0.47,128.46,NA,0.00,174.56,973.18,NA
2022-07-22 00:00:00,51.22,113.73,51.53,61.02,74.47,62.96,16.94,1.56,41.68,1.66,34.86,NA,NA,NA,NA,28.60,75.09,0.76,104.71,NA,0.00,186.94,973.32,NA
2022-07-23 00:00:00,29.39,75.40,16.31,39.18,34.14,56.34,12.09,1.83,59.13,0.86,47.24,NA,NA,NA,NA,28.54,74.21,1.34,93.56,NA,0.00,190.98,973.33,NA
2022-07-24 00:00:00,27.01,118.04,18.13,34.10,32.92,56.77,9.10,1.79,69.87,0.78,37.86,NA,NA,NA,NA,29.52,68.48,1.70,107.14,NA,0.00,199.37,973.16,NA
2022-07-25 00:00:00,21.18,70.54,10.36,30.21,24.51,59.09,12.57,1.37,95.62,0.55,24.71,NA,NA,NA,NA,29.21,68.05,2.09,99.14,NA,0.00,188.31,973.17,NA
2022-07-26 00:00:00,31.25,75.60,10.63,29.34,24.27,50.24,31.49,1.30,67.53,0.65,18.95,NA,NA,NA,NA,28.79,70.10,1.89,100.59,NA,0.00,189.54,973.17,NA
2022-07-27 00:00:00,48.24,99.20,8.88,39.11,28.05,53.59,12.22,1.08,38.40,1.02,12.81,NA,NA,NA,NA,28.97,71.41,1.55,95.67,NA,0.00,152.38,973.08,NA
2022-07-28 00:00:00,23.38,187.14,85.93,51.51,97.45,55.57,8.58,1.53,22.95,1.46,14.56,NA,NA,NA,NA,28.33,73.92,0.98,161.69,NA,0.00,148.82,973.12,NA
2022-07-29 00:00:00,25.70,254.62,79.54,39.01,85.56,45.95,7.99,2.37,35.77,1.09,9.12,NA,NA,NA,NA,27.69,79.32,0.58,216.53,NA,0.00,162.82,973.65,NA
2022-07-30 00:00:00,32.33,118.23,80.48,41.99,87.94,46.51,17.00,2.17,49.96,1.96,12.61,NA,NA,NA,NA,27.89,79.42,0.43,207.51,NA,0.00,172.69,973.71,NA
2022-07-31 00:00:00,34.72,86.49,59.87,44.36,72.41,48.68,10.10,1.95,46.08,1.19,33.42,NA,NA,NA,NA,27.76,80.92,0.42,179.15,NA,0.00,182.23,973.80,NA
2022-08-01 00:00:00,41.99,121.47,102.35,48.05,109.00,52.61,20.82,2.15,47.91,1.32,38.87,NA,NA,NA,NA,28.65,75.73,0.31,207.17,NA,0.00,183.74,973.77,NA
2022-08-02 00:00:00,54.03,345.55,105.49,56.60,116.09,55.37,22.60,2.24,47.52,1.19,8.71,NA,NA,NA,NA,30.34,67.39,0.46,246.35,NA,0.00,194.00,973.46,NA
2022-08-03 00:00:00,61.62,269.70,62.99,63.44,85.08,59.01,20.15,2.06,51.07,1.95,42.33,NA,NA,NA,NA,29.30,71.80,0.59,157.60,NA,0.00,178.38,973.56,NA
2022-08-04 00:00:00,47.02,119.28,17.39,38.64,34.72,59.55,23.84,1.83,51.16,1.05,26.56,NA,NA,NA,NA,28.79,72.74,1.12,92.97,NA,0.00,186.51,973.50,NA
2022-08-05 00:00:00,45.45,96.66,42.64,36.38,54.11,49.53,22.02,1.96,32.93,1.11,13.34,NA,NA,NA,NA,27.99,79.57,0.88,129.01,NA,0.00,173.34,974.01,NA
2022-08-06 00:00:00,60.65,152.81,40.04,66.84,68.25,58.36,27.25,1.56,42.18,1.56,16.24,NA,NA,NA,NA,28.86,75.52,0.88,117.02,NA,0.00,186.89,973.46,NA
2022-08-07 00:00:00,57.76,148.94,33.75,38.36,47.91,50.44,NA,1.42,51.22,1.00,18.82,NA,NA,NA,NA,27.18,82.11,0.86,88.81,NA,0.00,141.85,973.82,NA
2022-08-08 00:00:00,50.99,152.41,36.42,61.39,62.35,45.90,22.58,1.57,48.85,1.05,27.78,NA,NA,NA,NA,30.83,70.23,0.60,124.86,NA,0.00,199.57,972.97,NA
2022-08-09 00:00:00,48.96,141.03,21.49,52.46,45.42,46.60,22.57,1.52,37.63,0.94,41.03,NA,NA,NA,NA,34.21,59.94,1.16,92.12,NA,0.00,222.06,973.12,NA
2022-08-10 00:00:00,28.65,117.06,21.13,56.69,47.38,45.13,22.68,1.46,36.97,0.79,67.91,NA,NA,NA,NA,32.67,60.49,1.43,86.29,NA,0.00,190.54,972.93,NA
2022-08-11 00:00:00,19.46,99.81,24.41,34.08,38.02,62.01,22.37,1.43,40.69,0.46,7.25,NA,NA,NA,NA,28.29,68.64,1.50,113.07,NA,0.00,180.47,972.90,NA
2022-08-12 00:00:00,23.28,95.22,16.20,34.44,31.53,60.85,22.57,1.49,49.69,0.51,13.49,NA,NA,NA,NA,29.87,63.28,1.64,95.59,NA,0.00,198.67,972.74,NA
2022-08-13 00:00:00,30.55,100.47,32.04,42.51,48.73,57.57,22.42,1.40,48.31,0.56,10.55,NA,NA,NA,NA,29.57,66.98,1.75,105.75,NA,0.00,193.09,972.98,NA
2022-08-14 00:00:00,38.74,209.67,66.51,50.83,81.28,44.62,22.44,1.57,43.44,0.74,19.24,NA,NA,NA,NA,28.92,71.80,0.74,161.89,NA,0.00,161.16,973.34,NA
2022-08-15 00:00:00,20.02,100.10,21.79,29.10,33.25,51.67,22.40,1.42,48.71,0.53,25.26,NA,NA,NA,NA,28.40,72.83,0.85,144.96,NA,0.00,186.22,973.66,NA
2022-08-16 00:00:00,16.61,73.12,13.11,31.32,27.34,50.84,22.45,1.34,56.73,0.45,24.45,NA,NA,NA,NA,28.14,70.54,1.75,107.68,NA,0.00,188.48,973.63,NA
2022-08-17 00:00:00,14.20,54.22,14.63,36.33,31.26,64.96,22.36,1.37,41.17,0.51,3.82,NA,NA,NA,NA,28.72,68.47,2.12,103.98,NA,0.00,196.58,973.38,NA
2022-08-18 00:00:00,28.82,227.65,79.47,57.00,95.20,56.98,18.68,1.60,58.24,0.76,4.51,NA,NA,NA,NA,30.21,63.36,0.79,196.15,NA,0.00,193.87,973.29,NA
2022-08-19 00:00:00,27.72,264.76,78.14,43.41,86.81,57.23,19.24,1.51,56.67,0.71,4.65,NA,NA,NA,NA,30.20,62.08,0.97,256.52,NA,0.00,196.81,973.21,NA
2022-08-20 00:00:00,45.90,228.57,80.98,60.70,98.31,52.04,12.07,1.64,55.04,1.25,8.21,NA,NA,NA,NA,29.10,68.21,0.40,233.91,NA,0.00,168.40,973.48,NA
2022-08-21 00:00:00,63.45,285.72,65.79,50.51,80.50,54.45,11.97,1.60,54.18,1.04,8.45,NA,NA,NA,NA,30.19,65.25,0.48,236.53,NA,0.00,184.61,973.24,NA
2022-08-22 00:00:00,38.41,134.99,19.86,34.00,34.28,59.36,11.20,1.34,54.88,0.76,35.25,NA,NA,NA,NA,30.21,63.98,1.28,138.92,NA,0.00,189.36,973.23,NA
2022-08-23 00:00:00,25.01,96.76,10.85,28.72,24.13,58.98,9.25,1.30,53.26,0.53,20.12,NA,NA,NA,NA,29.35,65.22,2.68,101.75,NA,0.00,189.21,973.41,NA
2022-08-24 00:00:00,22.24,65.68,13.81,30.29,27.38,57.21,14.17,1.33,52.67,0.60,15.47,NA,NA,NA,NA,28.33,69.91,1.70,95.16,NA,0.00,188.16,973.76,NA
2022-08-25 00:00:00,50.90,228.76,53.92,61.90,76.88,55.50,20.33,1.55,53.57,1.01,9.01,NA,NA,NA,NA,29.38,64.85,0.45,186.45,NA,0.00,189.17,973.42,NA
2022-08-26 00:00:00,53.26,294.70,87.26,51.54,98.53,55.28,17.77,1.37,51.58,0.95,13.34,NA,NA,NA,NA,30.08,63.14,0.75,252.01,NA,0.00,185.71,973.42,NA
2022-08-27 00:00:00,43.18,290.55,82.86,44.40,91.20,57.61,20.84,1.49,53.35,0.96,5.80,NA,NA,NA,NA,30.06,62.61,1.19,260.50,NA,0.00,189.87,973.41,NA
2022-08-28 00:00:00,50.24,294.10,102.16,50.33,110.07,57.15,17.66,1.55,55.28,0.89,6.95,NA,NA,NA,NA,30.02,59.14,0.96,248.96,NA,0.00,190.40,973.20,NA
2022-08-29 00:00:00,52.33,237.55,62.84,51.26,78.51,56.70,18.36,1.58,57.49,0.94,6.41,NA,NA,NA,NA,29.58,61.80,0.87,206.63,NA,0.00,177.24,973.35,NA
2022-08-30 00:00:00,64.18,232.73,80.51,77.58,106.90,52.43,24.37,NA,57.95,1.47,15.57,NA,NA,NA,NA,29.06,66.30,0.62,180.19,NA,0.00,174.00,973.52,NA
2022-08-31 00:00:00,56.92,295.62,100.98,61.31,114.91,58.83,18.53,2.97,44.99,1.10,9.83,NA,NA,NA,NA,30.38,60.53,0.62,243.78,NA,0.00,183.15,973.22,NA
2022-09-01 00:00:00,69.97,375.44,88.32,63.08,105.57,56.18,11.49,1.85,60.91,1.59,11.49,NA,NA,NA,NA,31.07,58.07,0.51,245.88,NA,0.00,182.23,973.05,NA
2022-09-02 00:00:00,64.79,193.10,83.06,80.64,110.61,57.83,25.88,3.40,54.26,2.71,30.48,NA,NA,NA,NA,29.04,68.67,0.56,172.75,NA,0.00,169.41,973.34,NA
2022-09-03 00:00:00,47.60,372.23,103.82,49.40,110.93,54.56,24.77,NA,51.76,1.47,13.27,NA,NA,NA,NA,30.60,59.95,0.78,245.94,NA,0.00,184.25,972.99,NA
2022-09-04 00:00:00,40.90,309.91,77.04,47.91,88.30,56.54,15.12,NA,48.12,0.78,6.76,NA,NA,NA,NA,31.16,55.89,0.81,214.01,NA,0.00,185.73,972.96,NA
2022-09-05 00:00:00,46.24,293.12,70.89,48.27,83.49,56.23,15.43,NA,48.12,1.00,7.70,NA,NA,NA,NA,31.06,55.04,0.73,235.04,NA,0.00,184.29,972.88,NA
2022-09-06 00:00:00,57.62,304.21,72.83,52.61,87.37,54.92,18.90,NA,46.96,1.17,14.20,NA,NA,NA,NA,30.77,57.91,0.56,235.36,NA,0.00,182.42,972.99,NA
2022-09-07 00:00:00,63.55,262.16,36.62,58.45,60.95,57.04,26.12,NA,51.76,1.10,11.44,NA,NA,NA,NA,30.80,58.11,0.51,223.25,NA,0.00,179.41,973.03,NA
2022-09-08 00:00:00,70.73,207.04,19.22,52.35,43.51,56.70,24.26,NA,62.99,1.10,21.71,NA,NA,NA,NA,30.36,60.75,0.64,159.66,NA,0.00,173.76,973.13,NA
2022-09-09 00:00:00,61.73,130.09,9.78,38.65,28.53,57.38,25.82,NA,63.67,0.93,15.55,NA,NA,NA,NA,30.35,63.93,1.14,108.62,NA,0.00,174.31,973.25,NA
2022-09-10 00:00:00,54.40,113.14,17.62,36.51,33.78,54.46,25.73,NA,61.77,0.92,13.80,NA,NA,NA,NA,29.47,69.05,1.16,120.80,NA,0.00,169.75,973.42,NA
2022-09-11 00:00:00,27.02,76.91,7.38,28.11,20.97,59.34,28.90,NA,61.32,0.57,46.91,NA,NA,NA,NA,30.14,61.49,1.49,101.10,NA,0.00,178.22,973.17,NA
2022-09-12 00:00:00,26.10,90.95,14.46,28.60,27.00,55.72,29.05,NA,62.46,0.66,20.86,NA,NA,NA,NA,29.92,61.28,1.54,111.70,NA,0.00,178.88,973.29,NA
2022-09-13 00:00:00,23.31,83.12,14.76,29.61,27.78,52.66,19.41,NA,62.56,0.73,68.21,NA,NA,NA,NA,28.88,66.03,1.24,99.52,NA,0.00,179.93,973.51,NA
2022-09-14 00:00:00,20.81,74.03,14.04,28.70,26.72,51.94,24.43,NA,61.79,0.81,62.25,NA,NA,NA,NA,27.72,71.32,1.20,103.95,NA,0.00,167.34,973.70,NA
2022-09-15 00:00:00,18.97,73.80,26.29,26.33,35.43,51.85,23.13,NA,60.80,0.67,13.70,NA,NA,NA,NA,26.23,82.09,0.95,169.75,NA,0.00,153.32,974.27,NA
2022-09-16 00:00:00,19.58,42.60,52.74,31.25,59.63,52.45,32.01,NA,55.68,1.12,11.41,NA,NA,NA,NA,25.11,89.79,0.33,242.96,NA,0.00,142.54,974.59,NA
2022-09-17 00:00:00,40.21,172.69,36.31,42.42,52.18,51.65,25.79,NA,57.02,1.25,25.11,NA,NA,NA,NA,27.88,75.03,0.40,164.26,NA,0.00,183.71,973.86,NA
2022-09-18 00:00:00,71.55,393.20,60.23,54.75,78.23,52.82,26.96,NA,59.08,1.43,46.17,NA,NA,NA,NA,28.77,68.37,0.41,207.55,NA,0.00,181.50,973.62,NA
2022-09-19 00:00:00,99.10,473.11,87.05,60.14,102.95,54.75,21.28,NA,58.29,1.95,34.10,NA,NA,NA,NA,28.05,72.48,0.37,209.28,NA,0.00,152.55,973.81,NA
2022-09-20 00:00:00,72.59,359.38,66.75,56.67,84.57,60.59,26.69,NA,69.68,2.31,48.93,NA,NA,NA,NA,28.20,71.47,0.57,162.53,NA,0.00,159.22,973.79,NA
2022-09-21 00:00:00,52.27,189.47,75.22,52.63,89.32,59.25,19.59,NA,57.93,1.69,26.70,NA,NA,NA,NA,26.89,79.43,0.49,179.48,NA,0.00,155.39,974.23,NA
2022-09-22 00:00:00,32.09,69.95,54.15,40.62,65.75,58.15,15.61,NA,44.90,1.13,22.23,NA,NA,NA,NA,25.63,87.34,0.35,188.32,NA,0.00,122.30,974.45,NA
2022-09-23 00:00:00,33.38,52.21,44.12,46.67,60.80,53.77,11.90,NA,42.25,1.09,28.98,NA,NA,NA,NA,25.21,91.61,0.57,124.80,NA,0.00,114.53,974.20,NA
2022-09-24 00:00:00,28.72,50.35,17.51,37.19,34.05,54.00,12.80,1.37,40.48,0.76,52.86,NA,NA,NA,NA,25.40,90.06,1.34,99.02,NA,0.00,117.99,974.14,NA
2022-09-25 00:00:00,27.11,85.24,71.57,48.87,84.35,50.95,15.21,1.07,43.36,1.09,18.70,NA,NA,NA,NA,27.11,79.02,0.44,183.98,NA,0.00,169.33,973.89,NA
2022-09-26 00:00:00,61.59,240.43,71.14,52.12,85.70,50.14,19.64,1.52,43.55,1.78,19.48,NA,NA,NA,NA,27.76,76.75,0.35,236.42,NA,0.00,171.92,973.80,NA
2022-09-27 00:00:00,57.39,417.93,88.00,57.89,102.54,52.75,16.62,1.55,42.18,1.97,15.61,NA,NA,NA,NA,28.07,72.57,0.34,233.53,NA,0.00,175.95,973.61,NA
2022-09-28 00:00:00,90.35,559.60,115.30,69.80,131.12,57.39,18.75,2.43,44.13,2.62,37.42,NA,NA,NA,NA,28.50,70.08,0.42,254.59,NA,0.00,172.76,973.53,NA
2022-09-29 00:00:00,97.47,574.12,103.17,70.64,121.71,60.94,18.74,NA,43.90,2.41,24.66,NA,NA,NA,NA,28.51,67.69,0.46,246.48,NA,0.00,171.21,973.49,NA
2022-09-30 00:00:00,107.01,554.88,99.24,74.10,120.34,59.69,17.21,1.53,44.08,2.51,23.02,NA,NA,NA,NA,28.62,68.46,0.45,240.65,NA,0.00,165.88,973.59,NA
2022-10-01 00:00:00,108.54,567.01,135.70,74.52,150.26,58.61,17.84,2.24,44.11,2.57,20.47,NA,NA,NA,NA,28.94,66.04,0.52,210.88,NA,0.00,166.96,973.39,NA
2022-10-02 00:00:00,94.53,543.08,129.51,79.39,147.82,60.31,17.86,1.17,39.73,2.29,41.55,NA,NA,NA,NA,29.11,62.74,0.69,230.77,NA,0.00,164.91,973.20,NA
2022-10-03 00:00:00,63.29,455.82,59.57,95.73,99.48,60.88,10.11,1.83,38.81,1.13,6.42,NA,NA,NA,NA,29.00,56.68,0.98,263.33,NA,0.00,164.31,972.96,NA
2022-10-04 00:00:00,87.57,470.38,90.14,102.49,128.01,58.49,16.82,1.87,38.68,1.59,12.81,NA,NA,NA,NA,29.38,58.42,0.47,240.07,NA,0.00,165.33,973.04,NA
2022-10-05 00:00:00,112.89,330.83,32.38,79.21,68.52,65.33,14.81,0.90,39.92,2.18,14.83,NA,NA,NA,NA,28.32,65.85,0.81,141.95,NA,0.00,165.18,973.47,NA
2022-10-06 00:00:00,16.38,64.79,13.70,29.79,27.01,64.81,12.42,1.38,38.03,0.41,5.22,NA,NA,NA,NA,26.26,72.45,1.92,102.25,NA,0.00,172.52,973.84,NA
2022-10-07 00:00:00,24.01,70.88,22.99,37.25,38.55,60.91,17.26,1.63,38.32,1.07,80.23,NA,NA,NA,NA,24.91,82.01,1.14,96.10,NA,0.00,129.99,974.18,NA
2022-10-08 00:00:00,25.92,56.68,18.28,32.56,32.22,59.19,18.11,1.43,35.21,0.66,51.47,NA,NA,NA,NA,23.51,90.47,1.03,93.11,NA,0.00,106.13,973.62,NA
2022-10-09 00:00:00,18.28,39.18,15.24,22.35,24.32,52.58,10.36,2.50,33.80,0.54,57.66,NA,NA,NA,NA,23.02,93.83,0.87,95.80,NA,0.00,126.43,973.32,NA
2022-10-10 00:00:00,19.51,40.87,14.40,22.79,23.23,34.09,11.36,1.64,32.17,0.55,60.50,NA,NA,NA,NA,23.27,90.28,0.77,90.29,NA,0.00,129.50,974.35,NA
2022-10-11 00:00:00,43.85,95.47,105.16,50.22,110.61,11.07,27.42,0.10,27.41,2.08,41.08,NA,NA,NA,NA,25.17,83.71,0.43,108.09,NA,0.00,143.82,974.01,NA
2022-10-12 00:00:00,106.64,304.44,118.05,65.69,137.07,9.76,11.80,0.97,27.05,3.63,47.97,NA,NA,NA,NA,26.27,75.91,0.30,224.20,NA,0.00,163.57,973.90,NA
2022-10-13 00:00:00,72.01,415.30,128.34,71.48,142.65,9.86,17.10,0.64,24.89,2.16,19.05,NA,NA,NA,NA,26.03,67.84,0.41,252.50,NA,0.00,174.87,973.63,NA
2022-10-14 00:00:00,88.48,446.72,88.09,76.46,111.56,11.45,35.11,0.40,26.74,1.88,13.59,NA,NA,NA,NA,26.52,66.01,0.49,353.00,NA,0.00,238.49,973.45,NA
2022-10-15 00:00:00,120.23,631.69,152.70,119.79,197.71,13.10,21.43,2.22,25.02,3.87,33.62,NA,NA,NA,NA,33.52,60.07,0.46,323.92,NA,0.00,182.78,973.18,NA
2022-10-16 00:00:00,163.98,548.60,167.23,105.88,190.80,18.42,18.26,2.09,25.41,4.54,40.13,NA,NA,NA,NA,31.78,67.12,0.35,250.34,NA,0.00,168.32,973.62,NA
2022-10-17 00:00:00,154.51,573.52,182.46,115.78,210.99,20.68,18.90,1.67,27.27,4.63,43.83,NA,NA,NA,NA,32.02,64.23,0.38,114.10,NA,0.00,153.37,973.43,NA
2022-10-18 00:00:00,162.16,583.05,56.58,142.46,100.66,19.72,27.14,1.72,29.29,5.88,68.19,NA,NA,NA,NA,30.28,70.15,0.38,194.38,NA,0.00,105.37,973.50,NA
2022-10-19 00:00:00,167.76,632.39,23.59,153.32,82.11,31.20,21.31,1.41,30.51,5.35,175.05,NA,NA,NA,NA,NA,NA,NA,NA,NA,0.00,NA,NA,NA
2022-10-20 00:00:00,137.51,500.34,19.88,147.69,82.84,40.81,14.14,1.57,31.56,3.68,97.29,NA,NA,NA,NA,34.70,50.91,0.46,119.03,NA,0.00,184.59,972.70,NA
2022-10-21 00:00:00,151.03,497.98,31.68,125.60,76.59,32.94,8.67,1.63,33.98,4.46,75.58,NA,NA,NA,NA,32.35,61.15,0.40,180.29,NA,0.00,158.72,973.36,NA
2022-10-22 00:00:00,141.41,497.80,46.14,131.40,79.11,33.65,8.71,1.78,37.44,4.34,40.93,NA,NA,NA,NA,31.69,59.84,0.51,218.73,NA,0.00,158.48,973.25,NA
2022-10-23 00:00:00,152.53,544.89,45.40,140.02,93.31,25.96,16.67,NA,59.09,3.32,25.20,NA,NA,NA,NA,25.44,56.55,0.34,67.48,NA,0.00,157.16,973.05,NA
2022-10-24 00:00:00,181.19,466.93,28.49,119.30,78.37,30.24,20.62,1.44,70.28,2.70,13.82,NA,NA,NA,NA,25.75,58.02,0.45,8.25,NA,0.00,156.52,973.15,NA
2022-10-25 00:00:00,179.21,421.96,156.69,88.25,173.60,17.13,20.33,1.44,6.28,2.42,10.65,NA,NA,NA,NA,25.02,57.53,0.57,15.26,NA,0.00,154.20,973.10,NA
2022-10-26 00:00:00,153.41,438.74,202.06,117.06,228.76,17.17,16.88,1.50,11.47,3.33,21.13,NA,NA,NA,NA,25.02,63.83,0.40,29.77,NA,0.00,155.43,973.36,NA
2022-10-27 00:00:00,230.70,605.61,185.97,127.78,217.21,24.95,19.10,1.64,16.79,5.68,95.33,NA,NA,NA,NA,25.02,68.07,0.38,9.00,NA,0.00,150.28,973.57,NA
2022-10-28 00:00:00,267.48,647.07,177.21,149.78,250.26,28.07,19.69,1.69,34.31,7.27,95.96,NA,NA,NA,NA,24.85,69.92,0.32,4.87,NA,0.00,142.18,973.67,NA
2022-10-29 00:00:00,252.13,633.52,203.51,132.54,240.67,27.71,16.50,2.14,14.47,7.14,64.02,NA,NA,NA,NA,24.83,70.67,0.34,9.82,NA,0.00,141.10,973.72,NA
2022-10-30 00:00:00,283.96,586.76,186.13,122.32,221.59,27.14,15.92,2.17,14.79,7.69,83.30,NA,NA,NA,NA,24.69,69.76,0.36,6.80,NA,0.00,141.59,973.64,NA
2022-10-31 00:00:00,294.62,543.81,196.86,132.52,239.04,27.79,14.11,2.18,15.39,6.85,107.58,NA,NA,NA,NA,24.91,71.60,0.34,21.47,NA,0.00,143.97,973.76,NA
2022-11-01 00:00:00,293.94,521.29,139.53,117.36,200.48,28.18,16.29,1.66,24.00,6.51,113.76,NA,NA,NA,NA,25.36,68.31,0.42,3.38,NA,0.00,141.09,973.53,NA
2022-11-02 00:00:00,276.01,547.35,195.67,103.23,227.22,32.67,12.43,1.09,14.80,4.87,69.78,NA,NA,NA,NA,24.81,68.80,0.49,1.75,NA,0.00,147.57,973.54,NA
2022-11-03 00:00:00,398.79,687.22,202.04,116.26,227.85,35.93,17.74,2.31,19.31,6.57,55.65,NA,NA,NA,NA,24.86,65.56,0.35,6.68,NA,0.00,133.02,973.25,NA
2022-11-04 00:00:00,320.45,572.09,49.17,116.01,109.72,36.09,14.50,1.67,13.80,7.50,166.20,NA,NA,NA,NA,25.00,70.58,0.56,6.42,NA,0.00,132.56,973.54,NA
2022-11-05 00:00:00,172.20,306.30,39.89,75.71,72.77,45.75,14.63,1.48,12.39,2.50,28.14,NA,NA,NA,NA,25.36,74.34,1.24,52.61,NA,0.00,144.13,973.81,NA
2022-11-06 00:00:00,169.07,313.82,77.83,108.29,113.03,33.28,22.49,1.57,19.61,3.06,39.58,NA,NA,NA,NA,25.48,72.50,1.32,71.05,NA,0.00,161.46,973.60,NA
2022-11-07 00:00:00,193.11,372.34,151.06,215.82,164.73,28.39,41.55,1.97,18.22,3.73,43.88,NA,NA,NA,NA,25.94,68.80,0.93,64.81,NA,0.00,156.56,973.42,NA
2022-11-08 00:00:00,230.47,387.84,106.65,184.35,176.61,49.27,27.90,1.73,14.22,3.69,39.05,NA,NA,NA,NA,24.88,70.86,1.11,76.76,NA,0.00,157.34,973.56,NA
2022-11-09 00:00:00,130.69,306.06,128.65,216.55,166.72,37.61,41.79,2.40,22.32,3.07,73.53,NA,NA,NA,NA,24.92,60.04,0.93,60.21,NA,0.00,158.71,972.98,NA
2022-11-10 00:00:00,195.62,432.75,189.75,281.83,252.26,52.73,29.34,1.57,12.99,3.94,64.64,NA,NA,NA,NA,24.80,66.05,0.91,144.24,NA,0.00,155.53,973.31,NA
2022-11-11 00:00:00,186.35,391.55,208.44,198.31,270.77,39.43,27.43,1.82,11.10,3.31,18.89,NA,NA,NA,NA,24.09,60.23,1.25,195.21,NA,0.00,161.13,973.04,NA
2022-11-12 00:00:00,193.65,413.55,178.97,94.52,194.29,21.29,19.02,1.64,14.66,3.69,22.15,NA,NA,NA,NA,23.43,54.97,1.24,201.19,NA,0.00,160.60,972.60,NA
2022-11-13 00:00:00,168.86,422.57,NA,NA,NA,NA,25.72,1.31,17.56,3.89,29.21,NA,NA,NA,NA,23.12,57.59,0.93,212.12,NA,0.00,158.20,972.54,NA
2022-11-14 00:00:00,160.94,409.61,42.95,84.24,79.81,23.56,37.43,1.64,27.68,4.55,65.83,NA,NA,NA,NA,24.02,60.64,1.15,105.27,NA,0.00,154.53,972.87,NA
2022-11-15 00:00:00,116.69,329.15,125.57,77.89,143.73,19.03,26.38,2.48,20.16,3.36,33.70,NA,NA,NA,NA,24.13,59.02,0.66,122.77,NA,0.00,167.15,972.78,NA
2022-11-16 00:00:00,117.40,249.28,92.25,63.72,109.10,14.76,35.91,1.56,18.70,2.66,20.24,NA,NA,NA,NA,23.97,54.91,1.13,223.84,NA,0.00,170.29,972.41,NA
2022-11-17 00:00:00,126.86,294.42,133.19,70.00,149.77,10.47,36.56,1.92,14.77,2.87,16.37,NA,NA,NA,NA,22.97,59.41,1.15,234.76,NA,0.00,173.56,972.72,NA
2022-11-18 00:00:00,156.30,373.35,174.04,81.72,190.48,11.04,27.58,1.97,10.96,3.02,19.12,NA,NA,NA,NA,22.02,57.30,0.87,211.68,NA,0.00,171.74,972.79,NA
2022-11-19 00:00:00,191.57,499.79,249.75,99.27,261.34,16.67,28.58,1.78,13.79,5.56,57.77,NA,NA,NA,NA,21.80,60.31,0.58,195.58,NA,0.00,54.04,973.05,NA
2022-11-20 00:00:00,230.40,471.91,205.63,100.86,221.12,18.67,29.37,1.77,15.72,4.02,29.00,NA,NA,NA,NA,21.81,60.48,0.74,218.54,NA,0.00,53.97,973.08,NA
2022-11-21 00:00:00,171.68,391.14,175.18,97.85,197.86,19.16,30.09,1.69,11.20,3.25,21.57,NA,NA,NA,NA,21.83,59.24,0.87,218.27,NA,0.00,53.80,972.96,NA
2022-11-22 00:00:00,123.98,336.45,163.23,85.89,181.05,17.52,27.66,1.64,5.79,3.35,24.01,NA,NA,NA,NA,22.04,54.76,0.97,226.47,NA,0.00,52.38,972.66,NA
2022-11-23 00:00:00,123.18,365.04,213.29,89.16,221.52,18.28,27.87,1.61,7.22,3.38,24.49,NA,NA,NA,NA,21.60,53.81,1.01,223.35,NA,0.00,53.68,972.62,NA
2022-11-24 00:00:00,126.95,321.96,127.66,88.70,156.58,19.06,29.80,1.87,11.05,3.05,24.48,NA,NA,NA,NA,21.90,55.54,0.99,226.33,NA,0.00,53.76,972.69,NA
2022-11-25 00:00:00,242.43,466.42,198.97,109.53,241.02,25.57,31.48,2.04,12.39,7.44,73.27,NA,NA,NA,NA,21.58,62.69,0.63,178.68,NA,0.00,53.46,973.28,NA
2022-11-26 00:00:00,223.27,427.90,197.14,103.02,222.87,23.92,29.65,1.96,13.85,5.47,43.23,NA,NA,NA,NA,21.48,60.48,0.73,230.36,NA,0.00,53.61,973.03,NA
2022-11-27 00:00:00,234.99,463.77,157.30,103.72,191.82,23.76,29.44,2.11,30.58,5.84,43.92,NA,NA,NA,NA,21.50,63.88,0.63,183.85,NA,0.00,52.92,973.22,NA
2022-11-28 00:00:00,287.26,539.79,185.95,147.42,228.35,28.83,27.46,2.06,8.60,7.51,81.35,NA,NA,NA,NA,21.77,66.52,0.60,144.74,NA,0.00,52.54,973.44,NA
2022-11-29 00:00:00,306.11,579.51,150.32,172.55,195.68,37.51,29.42,2.49,8.43,9.20,117.71,NA,NA,NA,NA,21.08,70.15,0.59,155.84,NA,0.00,52.39,973.58,NA
2022-11-30 00:00:00,267.54,530.39,228.04,158.62,269.35,39.33,33.47,2.13,7.58,5.64,64.80,NA,NA,NA,NA,21.42,69.62,0.62,175.47,NA,0.00,52.06,973.60,NA
2022-12-01 00:00:00,269.93,497.49,210.27,167.07,253.46,38.80,40.66,2.03,8.60,6.27,58.80,NA,NA,NA,NA,20.82,70.81,0.63,216.84,NA,0.00,50.57,973.70,NA
2022-12-02 00:00:00,248.84,445.04,173.31,185.00,260.05,50.24,33.06,2.07,7.44,5.37,42.48,NA,NA,NA,NA,21.32,69.93,0.64,175.91,NA,0.00,50.30,973.57,NA
2022-12-03 00:00:00,294.94,494.35,97.59,177.28,175.34,51.58,33.42,2.51,10.41,5.85,68.51,NA,NA,NA,NA,20.81,73.84,0.56,113.16,NA,0.00,51.03,973.82,NA
2022-12-04 00:00:00,323.55,519.66,161.97,163.66,207.55,46.91,28.40,2.01,6.34,6.43,51.80,NA,NA,NA,NA,18.33,73.91,0.69,167.21,NA,0.00,51.28,973.82,NA
2022-12-05 00:00:00,220.81,415.91,218.04,144.46,257.80,41.75,25.07,1.77,6.71,4.63,35.87,NA,NA,NA,NA,17.90,68.62,0.68,195.98,NA,0.00,51.79,973.57,NA
2022-12-06 00:00:00,197.21,344.75,223.87,139.86,255.04,43.03,19.65,1.48,4.23,3.73,25.39,NA,NA,NA,NA,18.11,66.04,1.17,229.93,NA,0.00,52.86,973.48,NA
2022-12-07 00:00:00,139.67,257.33,178.84,114.67,206.39,31.79,19.03,2.53,5.12,2.75,14.77,NA,NA,NA,NA,18.08,64.46,1.41,232.35,NA,0.00,53.15,973.32,NA
2022-12-08 00:00:00,179.23,314.13,187.41,118.89,212.11,32.32,27.15,2.31,5.28,4.21,26.52,NA,NA,NA,NA,17.93,67.67,1.03,177.55,NA,0.00,51.70,973.58,NA
2022-12-09 00:00:00,207.26,356.68,200.36,122.74,235.44,36.68,28.64,1.62,5.13,4.36,48.51,NA,NA,NA,NA,18.24,67.70,0.74,143.41,NA,0.00,52.14,973.43,NA
2022-12-10 00:00:00,317.55,451.28,203.53,139.04,265.53,49.94,27.79,1.65,5.78,8.10,92.80,NA,NA,NA,NA,18.68,70.78,0.64,148.40,NA,0.00,51.40,973.41,NA
2022-12-11 00:00:00,180.88,298.08,175.96,111.81,206.17,48.38,12.37,1.55,3.72,4.28,31.54,NA,NA,NA,NA,19.09,66.88,0.87,197.24,NA,0.00,52.12,973.19,NA
2022-12-12 00:00:00,116.45,237.22,177.19,101.68,204.70,38.73,15.41,3.09,3.84,3.09,22.26,NA,NA,NA,NA,18.99,59.28,1.05,175.16,NA,0.00,52.09,972.90,NA
2022-12-13 00:00:00,86.35,210.06,135.35,87.15,156.94,45.95,15.21,NA,4.14,1.97,11.63,NA,NA,NA,NA,19.30,53.16,1.64,201.31,NA,0.00,53.02,972.68,NA
2022-12-14 00:00:00,106.21,201.95,126.40,78.65,144.93,30.20,16.50,NA,4.44,2.11,11.26,NA,NA,NA,NA,18.23,56.41,1.55,219.47,NA,0.00,53.83,972.94,NA
2022-12-15 00:00:00,115.91,228.78,198.47,90.10,210.51,25.70,16.48,1.59,6.37,2.56,13.68,NA,NA,NA,NA,17.26,57.81,1.27,232.22,NA,0.00,54.05,972.94,NA
2022-12-16 00:00:00,189.76,321.28,153.14,105.57,177.91,25.97,21.72,1.79,4.71,3.82,23.86,NA,NA,NA,NA,16.99,64.39,0.98,212.56,NA,0.00,54.25,973.26,NA
2022-12-17 00:00:00,279.21,420.82,255.17,116.65,264.06,32.82,16.38,3.30,5.69,5.89,48.63,NA,NA,NA,NA,17.06,67.66,0.78,160.58,NA,0.00,53.58,973.48,NA
2022-12-18 00:00:00,378.27,519.88,239.36,131.45,284.37,50.22,11.57,2.64,4.36,6.60,49.75,NA,NA,NA,NA,17.05,74.14,0.60,125.50,NA,0.00,52.68,973.75,NA
2022-12-19 00:00:00,365.44,477.48,260.16,136.70,280.68,37.08,13.01,2.81,5.11,7.56,74.94,NA,NA,NA,NA,16.86,78.84,0.62,133.40,NA,0.00,52.77,973.68,NA
2022-12-20 00:00:00,263.80,436.11,172.89,109.59,199.67,42.18,11.09,2.80,4.08,4.84,47.10,NA,NA,NA,NA,16.23,76.45,0.72,193.49,NA,0.00,53.27,973.70,NA
2022-12-21 00:00:00,226.49,439.15,106.06,69.69,123.54,40.63,13.10,2.38,2.98,3.18,27.18,NA,NA,NA,NA,15.58,80.61,1.01,151.43,NA,0.00,53.37,974.10,NA
2022-12-22 00:00:00,270.97,471.55,144.67,87.00,170.04,44.12,11.04,2.54,2.90,3.93,32.14,NA,NA,NA,NA,15.09,82.01,0.83,150.88,NA,0.00,53.02,974.22,NA
2022-12-23 00:00:00,203.24,333.41,90.63,78.61,115.69,44.78,10.01,2.27,3.07,3.92,26.47,NA,NA,NA,NA,15.12,79.27,0.99,112.42,NA,0.00,52.92,974.05,NA
2022-12-24 00:00:00,183.40,320.05,142.09,85.25,161.24,43.06,11.49,2.03,2.72,3.44,17.48,NA,NA,NA,NA,15.56,71.83,1.09,189.08,NA,0.00,53.96,973.56,NA
2022-12-25 00:00:00,198.77,307.49,120.52,69.97,135.37,45.41,11.29,2.67,2.73,2.86,12.55,NA,NA,NA,NA,14.05,79.69,1.18,229.08,NA,0.00,54.77,974.09,NA
2022-12-26 00:00:00,243.19,363.51,156.90,70.22,165.28,43.97,12.07,2.63,5.67,3.97,22.02,NA,NA,NA,NA,13.46,87.52,0.90,184.97,NA,0.00,50.00,974.75,NA
2022-12-27 00:00:00,217.62,326.75,174.25,87.02,188.34,45.46,8.29,2.44,10.28,4.86,22.65,NA,NA,NA,NA,14.82,80.15,1.16,234.95,NA,0.00,53.05,974.03,NA
2022-12-28 00:00:00,174.25,330.57,190.96,120.71,212.73,37.00,13.70,2.29,11.95,4.18,16.41,NA,NA,NA,NA,16.38,67.54,1.52,240.67,NA,0.00,53.81,973.21,NA
2022-12-29 00:00:00,198.48,364.08,145.26,140.97,196.75,56.75,9.74,2.51,12.46,3.53,23.76,NA,NA,NA,NA,17.10,65.20,1.12,152.33,NA,0.00,51.67,973.10,NA
2022-12-30 00:00:00,257.34,376.15,34.28,97.59,78.08,45.91,17.30,2.01,15.87,4.85,43.94,NA,NA,NA,NA,16.81,73.56,1.72,64.27,NA,0.00,51.30,973.72,NA
2022-12-31 00:00:00,189.61,334.48,170.18,91.99,187.71,45.04,14.25,2.14,10.04,7.87,34.00,NA,NA,NA,NA,16.33,77.95,1.49,240.49,NA,0.00,53.84,974.58,NA
